model,rss,aic,bic,A,b,K,r,c,C,alpha,tstar
hyperbolic,11.831978325319458,-146.89765929092903,-139.7515793869074,,,,,,7.24388137955967e+17,7.047102828534613,237.0
logistic,945.7991959569711,203.6002916332821,210.74637153730373,,,124.90419760238885,0.09428571428571428,26.826957952797247,,,
exponential,68447.26037541835,544.1433737206319,548.9074269899796,11.805796167151218,0.036839095665525484,,,,,,
