model,rss,aic,bic,params
exponential,30330.24647986297,377.5333699018184,381.72205902626257,"{'A': 13.097334445812264, 'b': 0.04351065147206098}"
logistic,4801.325461501514,268.9381640620601,275.22119774872635,"{'K': 109.91611260168995, 'r': 0.12, 'c': 12.915496650148826}"
hyperbolic,7.490171765085772,-118.845169942062,-112.5621362553957,"{'C': 1324777238268626.0, 'alpha': 6.20914169169217, 'tstar': 177.0}"
